key1251,Value1251
key1493,Value1493
key1010,Value1010
key1252,Value1252
key1494,Value1494
key1011,Value1011
key1253,Value1253
key1495,Value1495
key1012,Value1012
key1254,Value1254
key1496,Value1496
key1490,Value1490
key1491,Value1491
key1250,Value1250
key1492,Value1492
key1006,Value1006
key1248,Value1248
key1007,Value1007
key1249,Value1249
key1008,Value1008
key1009,Value1009
key1002,Value1002
key1244,Value1244
key1486,Value1486
key1003,Value1003
key1245,Value1245
key1487,Value1487
key1004,Value1004
key1246,Value1246
key1488,Value1488
key1005,Value1005
key1247,Value1247
key1489,Value1489
key1020,Value1020
key1262,Value1262
key1021,Value1021
key1263,Value1263
key1022,Value1022
key1264,Value1264
key1023,Value1023
key1265,Value1265
key1260,Value1260
key1261,Value1261
key1017,Value1017
key1259,Value1259
key1018,Value1018
key1019,Value1019
key1013,Value1013
key1255,Value1255
key1497,Value1497
key1014,Value1014
key1256,Value1256
key1498,Value1498
key1015,Value1015
key1257,Value1257
key1499,Value1499
key1016,Value1016
key1258,Value1258
key1471,Value1471
key1230,Value1230
key1472,Value1472
key1231,Value1231
key1473,Value1473
key1232,Value1232
key1474,Value1474
key297,Value297
key296,Value296
key299,Value299
key298,Value298
key1470,Value1470
key293,Value293
key1226,Value1226
key1468,Value1468
key292,Value292
key1227,Value1227
key1469,Value1469
key295,Value295
key1228,Value1228
key294,Value294
key1229,Value1229
key1222,Value1222
key1464,Value1464
key1223,Value1223
key1465,Value1465
key291,Value291
key1224,Value1224
key1466,Value1466
key290,Value290
key1225,Value1225
key1467,Value1467
a,akjdbjka
abc,sjbdh
key1240,Value1240
key1482,Value1482
key1241,Value1241
key1483,Value1483
key1000,Value1000
key1242,Value1242
key1484,Value1484
key1001,Value1001
key1243,Value1243
key1485,Value1485
key1480,Value1480
key1481,Value1481
key1237,Value1237
key1479,Value1479
key1238,Value1238
key1239,Value1239
s,hst
key1233,Value1233
key1475,Value1475
key1234,Value1234
key1476,Value1476
key1235,Value1235
key1477,Value1477
key1236,Value1236
key1478,Value1478
key1290,Value1290
key1053,Value1053
key1295,Value1295
key1054,Value1054
key1296,Value1296
key1055,Value1055
key1297,Value1297
key1056,Value1056
key1298,Value1298
key1291,Value1291
key1050,Value1050
key1292,Value1292
key1051,Value1051
key1293,Value1293
key1052,Value1052
key1294,Value1294
key1046,Value1046
key1288,Value1288
key1047,Value1047
key1289,Value1289
key1048,Value1048
key1049,Value1049
key1064,Value1064
key1065,Value1065
key1066,Value1066
key1067,Value1067
key1060,Value1060
key1061,Value1061
key1062,Value1062
key1063,Value1063
key1057,Value1057
key1299,Value1299
key1058,Value1058
key1059,Value1059
key1031,Value1031
key1273,Value1273
key1032,Value1032
key1274,Value1274
key1033,Value1033
key1275,Value1275
key1034,Value1034
key1276,Value1276
key1270,Value1270
key1271,Value1271
key1030,Value1030
key1272,Value1272
key1028,Value1028
key1029,Value1029
key1024,Value1024
key1266,Value1266
key1025,Value1025
key1267,Value1267
key1026,Value1026
key1268,Value1268
key1027,Value1027
key1269,Value1269
key1042,Value1042
key1284,Value1284
key1043,Value1043
key1285,Value1285
key1044,Value1044
key1286,Value1286
key1045,Value1045
key1287,Value1287
key1280,Value1280
key1281,Value1281
key1040,Value1040
key1282,Value1282
key1041,Value1041
key1283,Value1283
key1039,Value1039
key1035,Value1035
key1277,Value1277
key1036,Value1036
key1278,Value1278
key1037,Value1037
key1279,Value1279
key1038,Value1038
key914,Value914
key913,Value913
key916,Value916
key915,Value915
key910,Value910
key912,Value912
key911,Value911
key1402,Value1402
key1403,Value1403
key1404,Value1404
key1405,Value1405
key1400,Value1400
key1401,Value1401
key907,Value907
key1406,Value1406
key906,Value906
key1407,Value1407
key909,Value909
key1408,Value1408
key908,Value908
key1409,Value1409
key925,Value925
key924,Value924
key927,Value927
key926,Value926
key921,Value921
key920,Value920
key923,Value923
key922,Value922
key1413,Value1413
key1414,Value1414
key1415,Value1415
key1416,Value1416
key1410,Value1410
key1411,Value1411
key1412,Value1412
key918,Value918
key1417,Value1417
key917,Value917
key1418,Value1418
key1419,Value1419
key919,Value919
key903,Value903
key902,Value902
key905,Value905
key904,Value904
key901,Value901
key900,Value900
key716,Value716
key958,Value958
key715,Value715
key957,Value957
key718,Value718
key717,Value717
key959,Value959
key712,Value712
key954,Value954
key711,Value711
key953,Value953
key714,Value714
key956,Value956
key713,Value713
key955,Value955
key950,Value950
key1450,Value1450
key710,Value710
key952,Value952
key1451,Value1451
key951,Value951
key1210,Value1210
key1452,Value1452
key1204,Value1204
key1446,Value1446
key1205,Value1205
key1447,Value1447
key1206,Value1206
key1448,Value1448
key1207,Value1207
key1449,Value1449
key1200,Value1200
key1442,Value1442
key1201,Value1201
key1443,Value1443
key1202,Value1202
key1444,Value1444
key1203,Value1203
key1445,Value1445
key709,Value709
key1208,Value1208
key708,Value708
key1209,Value1209
key727,Value727
key969,Value969
key726,Value726
key968,Value968
key729,Value729
key728,Value728
key723,Value723
key965,Value965
key722,Value722
key964,Value964
key725,Value725
key967,Value967
key724,Value724
key966,Value966
key961,Value961
key1460,Value1460
key960,Value960
key1461,Value1461
key721,Value721
key963,Value963
key1220,Value1220
key1462,Value1462
key720,Value720
key962,Value962
key1221,Value1221
key1463,Value1463
key1215,Value1215
key1457,Value1457
key1216,Value1216
key1458,Value1458
key1217,Value1217
key1459,Value1459
key1218,Value1218
key1211,Value1211
key1453,Value1453
key1212,Value1212
key1454,Value1454
key1213,Value1213
key1455,Value1455
key1214,Value1214
key1456,Value1456
key1219,Value1219
key719,Value719
key936,Value936
key935,Value935
key938,Value938
key937,Value937
key932,Value932
key931,Value931
key934,Value934
key933,Value933
key930,Value930
key1430,Value1430
key1424,Value1424
key1425,Value1425
key1426,Value1426
key1427,Value1427
key1420,Value1420
key1421,Value1421
key1422,Value1422
key1423,Value1423
key929,Value929
key1428,Value1428
key928,Value928
key1429,Value1429
key705,Value705
key947,Value947
key704,Value704
key946,Value946
key707,Value707
key949,Value949
key706,Value706
key948,Value948
key701,Value701
key943,Value943
key700,Value700
key942,Value942
key703,Value703
key945,Value945
key702,Value702
key944,Value944
key941,Value941
key1440,Value1440
key940,Value940
key1441,Value1441
key1435,Value1435
key1436,Value1436
key1437,Value1437
key1438,Value1438
key1431,Value1431
key1432,Value1432
key1433,Value1433
key1434,Value1434
key1439,Value1439
key939,Value939
key518,Value518
key517,Value517
key759,Value759
key519,Value519
key514,Value514
key756,Value756
key998,Value998
key513,Value513
key755,Value755
key997,Value997
key516,Value516
key758,Value758
key515,Value515
key757,Value757
key999,Value999
key510,Value510
key752,Value752
key994,Value994
key751,Value751
key993,Value993
key512,Value512
key754,Value754
key996,Value996
key511,Value511
key753,Value753
key995,Value995
key990,Value990
key750,Value750
key992,Value992
key991,Value991
key529,Value529
key528,Value528
key525,Value525
key767,Value767
key524,Value524
key766,Value766
key527,Value527
key769,Value769
key526,Value526
key768,Value768
key521,Value521
key763,Value763
key520,Value520
key762,Value762
key523,Value523
key765,Value765
key522,Value522
key764,Value764
key761,Value761
key760,Value760
key738,Value738
key737,Value737
key979,Value979
key739,Value739
key734,Value734
key976,Value976
key733,Value733
key975,Value975
key736,Value736
key978,Value978
key735,Value735
key977,Value977
key730,Value730
key972,Value972
key971,Value971
key732,Value732
key974,Value974
key731,Value731
key973,Value973
key970,Value970
key507,Value507
key749,Value749
key506,Value506
key748,Value748
key509,Value509
key508,Value508
key503,Value503
key745,Value745
key987,Value987
key502,Value502
key744,Value744
key986,Value986
key505,Value505
key747,Value747
key989,Value989
key504,Value504
key746,Value746
key988,Value988
key741,Value741
key983,Value983
key740,Value740
key982,Value982
key501,Value501
key743,Value743
key985,Value985
key500,Value500
key742,Value742
key984,Value984
key981,Value981
key980,Value980
key319,Value319
key316,Value316
key558,Value558
key315,Value315
key557,Value557
key799,Value799
key318,Value318
key317,Value317
key559,Value559
key312,Value312
key554,Value554
key796,Value796
key311,Value311
key553,Value553
key795,Value795
key314,Value314
key556,Value556
key798,Value798
key313,Value313
key555,Value555
key797,Value797
key550,Value550
key792,Value792
key791,Value791
key310,Value310
key552,Value552
key794,Value794
key551,Value551
key793,Value793
key790,Value790
key327,Value327
key569,Value569
key326,Value326
key568,Value568
key329,Value329
key328,Value328
key323,Value323
key565,Value565
key322,Value322
key564,Value564
key325,Value325
key567,Value567
key324,Value324
key566,Value566
key561,Value561
key560,Value560
key321,Value321
key563,Value563
key320,Value320
key562,Value562
name,Arjun
key539,Value539
key536,Value536
key778,Value778
key535,Value535
key777,Value777
key538,Value538
key537,Value537
key779,Value779
key532,Value532
key774,Value774
key531,Value531
key773,Value773
key534,Value534
key776,Value776
key533,Value533
key775,Value775
key770,Value770
key530,Value530
key772,Value772
key771,Value771
key309,Value309
key308,Value308
key305,Value305
key547,Value547
key789,Value789
key304,Value304
key546,Value546
key788,Value788
key307,Value307
key549,Value549
key306,Value306
key548,Value548
key301,Value301
key543,Value543
key785,Value785
key300,Value300
key542,Value542
key784,Value784
key303,Value303
key545,Value545
key787,Value787
key302,Value302
key544,Value544
key786,Value786
key781,Value781
key780,Value780
key541,Value541
key783,Value783
key540,Value540
key782,Value782
key118,Value118
key117,Value117
key359,Value359
key119,Value119
key114,Value114
key356,Value356
key598,Value598
key113,Value113
key355,Value355
key597,Value597
key116,Value116
key358,Value358
key115,Value115
key357,Value357
key599,Value599
key110,Value110
key352,Value352
key594,Value594
key351,Value351
key593,Value593
key112,Value112
key354,Value354
key596,Value596
key111,Value111
key353,Value353
key595,Value595
key590,Value590
key350,Value350
key592,Value592
key591,Value591
key129,Value129
key128,Value128
key125,Value125
key367,Value367
key124,Value124
key366,Value366
key127,Value127
key369,Value369
key126,Value126
key368,Value368
key121,Value121
key363,Value363
key120,Value120
key362,Value362
key123,Value123
key365,Value365
key122,Value122
key364,Value364
key361,Value361
key360,Value360
key1190,Value1190
key1191,Value1191
key338,Value338
key337,Value337
key579,Value579
key339,Value339
key334,Value334
key576,Value576
key1196,Value1196
key333,Value333
key575,Value575
key1197,Value1197
key336,Value336
key578,Value578
key1198,Value1198
key335,Value335
key577,Value577
key1199,Value1199
key330,Value330
key572,Value572
key1192,Value1192
key571,Value571
key1193,Value1193
key332,Value332
key574,Value574
key1194,Value1194
key331,Value331
key573,Value573
key1195,Value1195
key570,Value570
key1189,Value1189
key107,Value107
key349,Value349
key106,Value106
key348,Value348
key109,Value109
key108,Value108
key103,Value103
key345,Value345
key587,Value587
key102,Value102
key344,Value344
key586,Value586
key105,Value105
key347,Value347
key589,Value589
key104,Value104
key346,Value346
key588,Value588
key341,Value341
key583,Value583
key340,Value340
key582,Value582
key101,Value101
key343,Value343
key585,Value585
key100,Value100
key342,Value342
key584,Value584
key581,Value581
key580,Value580
key158,Value158
key157,Value157
key399,Value399
key159,Value159
key154,Value154
key396,Value396
key153,Value153
key395,Value395
key156,Value156
key398,Value398
key155,Value155
key397,Value397
key150,Value150
key392,Value392
key391,Value391
key152,Value152
key394,Value394
key151,Value151
key393,Value393
key390,Value390
key169,Value169
key168,Value168
key165,Value165
key164,Value164
key167,Value167
key166,Value166
key161,Value161
key160,Value160
key163,Value163
key162,Value162
key139,Value139
key136,Value136
key378,Value378
key135,Value135
key377,Value377
key138,Value138
key137,Value137
key379,Value379
key132,Value132
key374,Value374
key131,Value131
key373,Value373
key134,Value134
key376,Value376
key133,Value133
key375,Value375
key370,Value370
key130,Value130
key372,Value372
key371,Value371
key147,Value147
key389,Value389
key146,Value146
key388,Value388
key149,Value149
key148,Value148
key143,Value143
key385,Value385
key142,Value142
key384,Value384
key145,Value145
key387,Value387
key144,Value144
key386,Value386
key381,Value381
key380,Value380
key141,Value141
key383,Value383
key140,Value140
key382,Value382
key1130,Value1130
key1372,Value1372
key1131,Value1131
key1373,Value1373
key1132,Value1132
key1374,Value1374
key1133,Value1133
key1375,Value1375
key198,Value198
key197,Value197
key1370,Value1370
key199,Value199
key1371,Value1371
key194,Value194
key1127,Value1127
key1369,Value1369
key193,Value193
key1128,Value1128
key196,Value196
key1129,Value1129
key195,Value195
key190,Value190
key1123,Value1123
key1365,Value1365
key1124,Value1124
key1366,Value1366
key192,Value192
key1125,Value1125
key1367,Value1367
key191,Value191
key1126,Value1126
key1368,Value1368
ab,sdbfds
fjh,shhfd
key1141,Value1141
key1383,Value1383
key1142,Value1142
key1384,Value1384
key1143,Value1143
key1385,Value1385
key1144,Value1144
key1386,Value1386
key1380,Value1380
key1381,Value1381
key1140,Value1140
key1382,Value1382
key1138,Value1138
key1139,Value1139
key1134,Value1134
key1376,Value1376
key1135,Value1135
key1377,Value1377
key1136,Value1136
key1378,Value1378
key1137,Value1137
key1379,Value1379
key1350,Value1350
key179,Value179
key1351,Value1351
key1110,Value1110
key1352,Value1352
key1111,Value1111
key1353,Value1353
key176,Value176
key175,Value175
key178,Value178
key177,Value177
key172,Value172
key1105,Value1105
key1347,Value1347
key171,Value171
key1106,Value1106
key1348,Value1348
key174,Value174
key1107,Value1107
key1349,Value1349
key173,Value173
key1108,Value1108
key1101,Value1101
key1343,Value1343
key1102,Value1102
key1344,Value1344
key170,Value170
key1103,Value1103
key1345,Value1345
key1104,Value1104
key1346,Value1346
key1109,Value1109
key1361,Value1361
key1120,Value1120
key1362,Value1362
key1121,Value1121
key1363,Value1363
key1122,Value1122
key1364,Value1364
key187,Value187
key186,Value186
key189,Value189
key188,Value188
key1360,Value1360
key183,Value183
key1116,Value1116
key1358,Value1358
key182,Value182
key1117,Value1117
key1359,Value1359
key185,Value185
key1118,Value1118
key184,Value184
key1119,Value1119
key1112,Value1112
key1354,Value1354
key1113,Value1113
key1355,Value1355
key181,Value181
key1114,Value1114
key1356,Value1356
key180,Value180
key1115,Value1115
key1357,Value1357
key1174,Value1174
key1175,Value1175
key1176,Value1176
key1177,Value1177
key1170,Value1170
key1171,Value1171
key1172,Value1172
key1173,Value1173
key1167,Value1167
key1168,Value1168
key1169,Value1169
key1180,Value1180
key1185,Value1185
key1186,Value1186
key1187,Value1187
key1188,Value1188
key1181,Value1181
key1182,Value1182
key1183,Value1183
key1184,Value1184
asjff,ahvdha
key1178,Value1178
key1179,Value1179
key1152,Value1152
key1394,Value1394
key1153,Value1153
key1395,Value1395
key1154,Value1154
key1396,Value1396
key1155,Value1155
key1397,Value1397
key1390,Value1390
key1391,Value1391
key1150,Value1150
key1392,Value1392
key1151,Value1151
key1393,Value1393
key1149,Value1149
key1145,Value1145
key1387,Value1387
key1146,Value1146
key1388,Value1388
key1147,Value1147
key1389,Value1389
key1148,Value1148
key1163,Value1163
key1164,Value1164
key1165,Value1165
key1166,Value1166
key1160,Value1160
key1161,Value1161
key1162,Value1162
key1156,Value1156
key1398,Value1398
key1157,Value1157
key1399,Value1399
key1158,Value1158
key1159,Value1159
key804,Value804
key803,Value803
key806,Value806
key805,Value805
key800,Value800
key802,Value802
key801,Value801
key1,Value1
key837,Value837
key2,Value2
key836,Value836
key839,Value839
key0,Value0
key838,Value838
key5,Value5
key833,Value833
key6,Value6
key832,Value832
key3,Value3
key835,Value835
key4,Value4
key834,Value834
key9,Value9
key7,Value7
key831,Value831
key1330,Value1330
key8,Value8
key830,Value830
key1331,Value1331
key1325,Value1325
key1326,Value1326
key1327,Value1327
key1328,Value1328
key1321,Value1321
key1322,Value1322
key1323,Value1323
key1324,Value1324
key1329,Value1329
key829,Value829
key606,Value606
key848,Value848
key605,Value605
key847,Value847
key608,Value608
key607,Value607
key849,Value849
key602,Value602
key844,Value844
key601,Value601
key843,Value843
key604,Value604
key846,Value846
key603,Value603
key845,Value845
key840,Value840
key1340,Value1340
key600,Value600
key842,Value842
key1341,Value1341
key841,Value841
key1100,Value1100
key1342,Value1342
key1336,Value1336
key1337,Value1337
key1338,Value1338
key1339,Value1339
key1332,Value1332
key1333,Value1333
key1334,Value1334
key1335,Value1335
nm,jsbchjbd
key815,Value815
key814,Value814
key817,Value817
key816,Value816
key811,Value811
key810,Value810
key813,Value813
key812,Value812
key1303,Value1303
key1304,Value1304
key1305,Value1305
key1306,Value1306
key1300,Value1300
key1301,Value1301
key1302,Value1302
key808,Value808
key1307,Value1307
key807,Value807
key1308,Value1308
key1309,Value1309
key809,Value809
key826,Value826
key825,Value825
key828,Value828
key827,Value827
key822,Value822
key821,Value821
key824,Value824
key823,Value823
key820,Value820
key1320,Value1320
key1314,Value1314
key1315,Value1315
key1316,Value1316
key1317,Value1317
key1310,Value1310
key1311,Value1311
key1312,Value1312
key1313,Value1313
key819,Value819
key1318,Value1318
key818,Value818
key1319,Value1319
key639,Value639
key638,Value638
key635,Value635
key877,Value877
key634,Value634
key876,Value876
key637,Value637
key879,Value879
key636,Value636
key878,Value878
key631,Value631
key873,Value873
key630,Value630
key872,Value872
key633,Value633
key875,Value875
key632,Value632
key874,Value874
key871,Value871
key870,Value870
key408,Value408
key407,Value407
key649,Value649
key409,Value409
key404,Value404
key646,Value646
key888,Value888
key403,Value403
key645,Value645
key887,Value887
key406,Value406
key648,Value648
key405,Value405
key647,Value647
key889,Value889
key400,Value400
key642,Value642
key884,Value884
key641,Value641
key883,Value883
key402,Value402
key644,Value644
key886,Value886
key401,Value401
key643,Value643
key885,Value885
key880,Value880
key640,Value640
key882,Value882
key881,Value881
key617,Value617
key859,Value859
key616,Value616
key858,Value858
key619,Value619
key618,Value618
key613,Value613
key855,Value855
key612,Value612
key854,Value854
key615,Value615
key857,Value857
key614,Value614
key856,Value856
key851,Value851
key850,Value850
key611,Value611
key853,Value853
key610,Value610
key852,Value852
key609,Value609
key628,Value628
key627,Value627
key869,Value869
key629,Value629
key624,Value624
key866,Value866
key623,Value623
key865,Value865
key626,Value626
key868,Value868
key625,Value625
key867,Value867
key620,Value620
key862,Value862
key861,Value861
key622,Value622
key864,Value864
key621,Value621
key863,Value863
key860,Value860
key437,Value437
key679,Value679
key436,Value436
key678,Value678
key439,Value439
key438,Value438
key433,Value433
key675,Value675
key432,Value432
key674,Value674
key435,Value435
key677,Value677
key434,Value434
key676,Value676
key671,Value671
key670,Value670
key431,Value431
key673,Value673
Name,Arjun
key430,Value430
key672,Value672
key209,Value209
key206,Value206
key448,Value448
key205,Value205
key447,Value447
key689,Value689
key208,Value208
key207,Value207
key449,Value449
key202,Value202
key444,Value444
key686,Value686
key201,Value201
key443,Value443
key685,Value685
key204,Value204
key446,Value446
key688,Value688
key203,Value203
key445,Value445
key687,Value687
key11,Value11
key440,Value440
key682,Value682
key10,Value10
key681,Value681
key200,Value200
key442,Value442
key684,Value684
key441,Value441
key683,Value683
key680,Value680
key419,Value419
key418,Value418
key415,Value415
key657,Value657
key899,Value899
key414,Value414
key656,Value656
key898,Value898
key417,Value417
key659,Value659
key416,Value416
key658,Value658
key411,Value411
key653,Value653
key895,Value895
key410,Value410
key652,Value652
key894,Value894
key413,Value413
key655,Value655
key897,Value897
key412,Value412
key654,Value654
key896,Value896
key22,Value22
key891,Value891
key21,Value21
key890,Value890
key20,Value20
key651,Value651
key893,Value893
key650,Value650
key892,Value892
key15,Value15
key14,Value14
key13,Value13
key12,Value12
key19,Value19
key18,Value18
key17,Value17
key16,Value16
key429,Value429
key426,Value426
key668,Value668
key425,Value425
key667,Value667
key428,Value428
key427,Value427
key669,Value669
key422,Value422
key664,Value664
key421,Value421
key663,Value663
key424,Value424
key666,Value666
key423,Value423
key665,Value665
key33,Value33
key660,Value660
key32,Value32
key31,Value31
key420,Value420
key662,Value662
key30,Value30
key661,Value661
key26,Value26
key25,Value25
key24,Value24
key23,Value23
key29,Value29
key28,Value28
key27,Value27
jvdf,ajvsda
key1090,Value1090
key1091,Value1091
key1092,Value1092
key239,Value239
key238,Value238
key40,Value40
key235,Value235
key477,Value477
key1097,Value1097
key234,Value234
key476,Value476
key1098,Value1098
key237,Value237
key479,Value479
key1099,Value1099
key236,Value236
key478,Value478
key44,Value44
key231,Value231
key473,Value473
key1093,Value1093
key43,Value43
key230,Value230
key472,Value472
key1094,Value1094
key42,Value42
key233,Value233
key475,Value475
key1095,Value1095
key41,Value41
key232,Value232
key474,Value474
key1096,Value1096
key37,Value37
key36,Value36
key35,Value35
key471,Value471
key34,Value34
key470,Value470
key39,Value39
key38,Value38
key249,Value249
key51,Value51
key246,Value246
key488,Value488
key50,Value50
key245,Value245
key487,Value487
key248,Value248
key247,Value247
key489,Value489
key55,Value55
key242,Value242
key484,Value484
key54,Value54
key241,Value241
key483,Value483
key53,Value53
key244,Value244
key486,Value486
key52,Value52
key243,Value243
key485,Value485
key48,Value48
key480,Value480
key47,Value47
key46,Value46
key240,Value240
key482,Value482
key45,Value45
key481,Value481
key49,Value49
key1070,Value1070
key217,Value217
key459,Value459
key216,Value216
key458,Value458
key219,Value219
key218,Value218
key62,Value62
key213,Value213
key455,Value455
key697,Value697
key1075,Value1075
key61,Value61
key212,Value212
key454,Value454
key696,Value696
key1076,Value1076
key60,Value60
key215,Value215
key457,Value457
key699,Value699
key1077,Value1077
key214,Value214
key456,Value456
key698,Value698
key1078,Value1078
key66,Value66
key451,Value451
key693,Value693
key1071,Value1071
key65,Value65
key450,Value450
key692,Value692
key1072,Value1072
key64,Value64
key211,Value211
key453,Value453
key695,Value695
key1073,Value1073
key63,Value63
key210,Value210
key452,Value452
key694,Value694
key1074,Value1074
key59,Value59
key58,Value58
key57,Value57
key691,Value691
key56,Value56
key690,Value690
key1068,Value1068
key1069,Value1069
key1080,Value1080
key1081,Value1081
key228,Value228
key227,Value227
key469,Value469
key229,Value229
key73,Value73
key224,Value224
key466,Value466
key1086,Value1086
key72,Value72
key223,Value223
key465,Value465
key1087,Value1087
key71,Value71
key226,Value226
key468,Value468
key1088,Value1088
key70,Value70
key225,Value225
key467,Value467
key1089,Value1089
key77,Value77
key220,Value220
key462,Value462
key1082,Value1082
key76,Value76
key461,Value461
key1083,Value1083
key75,Value75
key222,Value222
key464,Value464
key1084,Value1084
key74,Value74
key221,Value221
key463,Value463
key1085,Value1085
key69,Value69
key68,Value68
key460,Value460
key67,Value67
key1079,Value1079
key80,Value80
key84,Value84
key279,Value279
key83,Value83
key278,Value278
key82,Value82
key81,Value81
key88,Value88
key275,Value275
key87,Value87
key274,Value274
key86,Value86
key277,Value277
key85,Value85
key276,Value276
key271,Value271
key270,Value270
key79,Value79
key273,Value273
key78,Value78
key272,Value272
key91,Value91
key90,Value90
key95,Value95
key94,Value94
key289,Value289
key93,Value93
key92,Value92
key99,Value99
key286,Value286
key98,Value98
key285,Value285
key97,Value97
key288,Value288
key96,Value96
key287,Value287
key282,Value282
key281,Value281
key284,Value284
key89,Value89
key283,Value283
key280,Value280
key257,Value257
key499,Value499
key256,Value256
key498,Value498
key259,Value259
key258,Value258
key253,Value253
key495,Value495
key252,Value252
key494,Value494
key255,Value255
key497,Value497
key254,Value254
key496,Value496
key491,Value491
key490,Value490
key251,Value251
key493,Value493
key250,Value250
key492,Value492
key268,Value268
key267,Value267
key269,Value269
key264,Value264
key263,Value263
key266,Value266
key265,Value265
key260,Value260
key262,Value262
key261,Value261
